horizon,variant,scope,origins,crps_bps,z_rms,cover_0.50,cover_0.80,cover_0.90,cover_0.98
1,flat,all,346030,1.745293,1.026128,0.706647,0.880851,0.924379,0.963844
1,flat,release_ahead,160,12.701147,8.009413,0.275000,0.475000,0.531250,0.631250
1,flat,phase:overnight,210837,1.319791,0.682999,0.804612,0.946447,0.972287,0.990381
1,flat,phase:pre_open,22558,1.989110,1.291251,0.637645,0.855661,0.911606,0.958108
1,flat,phase:opening_hour,15012,4.619088,2.284869,0.272782,0.485079,0.588862,0.739742
1,flat,phase:midday,52710,2.492815,1.384481,0.497799,0.747809,0.833447,0.921912
1,flat,phase:afternoon,30120,2.035189,1.172738,0.589210,0.830644,0.896979,0.953287
1,flat,phase:after_close,14793,1.267798,0.714575,0.839181,0.962279,0.981343,0.992699
1,seasonal,all,346030,1.626642,1.169042,0.593327,0.829995,0.896416,0.955495
1,seasonal,release_ahead,160,12.535192,8.771271,0.275000,0.475000,0.568750,0.668750
1,seasonal_events,all,346030,1.625535,1.142600,0.594899,0.831587,0.897809,0.956504
1,seasonal_events,release_ahead,160,12.161803,1.997443,0.650000,0.787500,0.837500,0.893750
1,full,all,346030,1.581798,1.014331,0.572257,0.836095,0.911756,0.971725
1,full,release_ahead,160,12.053001,1.979767,0.662500,0.793750,0.850000,0.900000
1,full,phase:overnight,210837,1.135170,0.993017,0.588379,0.842480,0.914356,0.971589
1,full,phase:pre_open,22558,1.896169,1.059041,0.570973,0.834427,0.905710,0.965954
1,full,phase:opening_hour,15012,4.241023,0.982147,0.530309,0.826072,0.910938,0.978484
1,full,phase:midday,52710,2.407560,1.021918,0.537090,0.820793,0.906526,0.973478
1,full,phase:afternoon,30120,1.957541,1.025357,0.544954,0.826195,0.908201,0.972112
1,full,phase:after_close,14793,1.062004,1.209000,0.567904,0.832488,0.910633,0.968566
5,flat,all,345050,3.891450,1.012909,0.702973,0.882032,0.925509,0.964173
5,flat,release_ahead,786,14.556748,3.859739,0.375318,0.548346,0.609415,0.701018
5,flat,phase:overnight,210837,2.931492,0.676722,0.804076,0.948344,0.974402,0.991311
5,flat,phase:pre_open,22566,4.767495,1.311490,0.615838,0.842772,0.897811,0.943942
5,flat,phase:opening_hour,15024,10.095364,2.210977,0.270301,0.483826,0.591121,0.748003
5,flat,phase:midday,52710,5.530653,1.372713,0.488579,0.751736,0.836046,0.923146
5,flat,phase:afternoon,30120,4.498286,1.143633,0.582304,0.834960,0.900830,0.955744
5,flat,phase:after_close,13793,2.784950,0.685840,0.854201,0.967085,0.983470,0.993112
5,seasonal,all,345050,3.622412,1.149911,0.589538,0.832369,0.899417,0.957948
5,seasonal,release_ahead,786,14.284283,4.045558,0.346056,0.558524,0.638677,0.749364
5,seasonal_events,all,345050,3.618746,1.124821,0.591311,0.834030,0.901046,0.959284
5,seasonal_events,release_ahead,786,13.850765,1.585554,0.559796,0.754453,0.830789,0.912214
5,full,all,345050,3.521930,0.994731,0.568002,0.840667,0.916969,0.975751
5,full,release_ahead,786,13.735469,1.682820,0.539440,0.774809,0.842239,0.913486
5,full,phase:overnight,210837,2.514782,0.970540,0.583479,0.847451,0.919521,0.976119
5,full,phase:pre_open,22566,4.526979,1.051849,0.566206,0.832491,0.909377,0.967207
5,full,phase:opening_hour,15024,9.289586,0.975270,0.524960,0.824481,0.913339,0.980564
5,full,phase:midday,52710,5.338369,1.016922,0.531436,0.824360,0.911952,0.976323
5,full,phase:afternoon,30120,4.328701,1.001472,0.541733,0.828818,0.911886,0.977125
5,full,phase:after_close,13793,2.286998,1.169068,0.578337,0.856159,0.924599,0.973682
15,flat,all,342600,6.727643,1.006247,0.704229,0.881912,0.925210,0.963940
15,flat,release_ahead,2315,18.050669,2.587904,0.380130,0.582289,0.654860,0.750324
15,flat,phase:overnight,210837,5.047167,0.675878,0.806580,0.950023,0.975185,0.991942
15,flat,phase:pre_open,22586,9.324809,1.403344,0.569069,0.795891,0.856194,0.918047
15,flat,phase:opening_hour,15054,16.752258,2.129304,0.277800,0.499402,0.610137,0.756676
15,flat,phase:midday,52710,9.310248,1.334329,0.503301,0.762038,0.845570,0.927983
15,flat,phase:afternoon,30120,7.788880,1.146793,0.592995,0.836819,0.901096,0.957537
15,flat,phase:after_close,11293,4.659360,0.623388,0.866643,0.972018,0.986275,0.994156
15,seasonal,all,342600,6.264807,1.138126,0.590350,0.833754,0.900388,0.958325
15,seasonal,release_ahead,2315,17.489857,2.562851,0.370194,0.617711,0.710583,0.797840
15,seasonal_events,all,342600,6.256262,1.113896,0.592572,0.835952,0.902332,0.959977
15,seasonal_events,release_ahead,2315,16.940348,1.374842,0.555508,0.780130,0.844060,0.912311
15,full,all,342600,6.099912,0.987927,0.571054,0.845301,0.920528,0.976705
15,full,release_ahead,2315,16.806355,1.424220,0.524838,0.787905,0.853132,0.917927
15,full,phase:overnight,210837,4.324522,0.962044,0.584352,0.851942,0.924325,0.978315
15,full,phase:pre_open,22586,8.875619,1.081446,0.555433,0.820730,0.900868,0.965067
15,full,phase:opening_hour,15054,15.556555,0.984511,0.525242,0.821509,0.911917,0.979673
15,full,phase:midday,52710,9.026108,1.001709,0.546405,0.836615,0.915917,0.974179
15,full,phase:afternoon,30120,7.480658,1.007352,0.546282,0.838413,0.919290,0.976859
15,full,phase:after_close,11293,3.747780,1.144048,0.596210,0.861064,0.925263,0.977331
30,flat,all,338847,9.571355,1.003240,0.703291,0.878635,0.922375,0.962576
30,flat,release_ahead,4536,20.835612,2.040159,0.414021,0.607143,0.685847,0.789462
30,flat,phase:overnight,210837,7.147328,0.674530,0.808160,0.949800,0.975076,0.991723
30,flat,phase:pre_open,22590,15.090834,1.514951,0.504161,0.729925,0.800841,0.885569
30,flat,phase:opening_hour,15060,22.428801,2.010036,0.284329,0.508367,0.622112,0.780478
30,flat,phase:midday,52710,12.915144,1.311128,0.519674,0.769057,0.849478,0.929311
30,flat,phase:afternoon,30120,10.899990,1.141306,0.604548,0.844522,0.906142,0.958068
30,flat,phase:after_close,7530,6.448735,0.585393,0.882603,0.976228,0.987118,0.992563
30,seasonal,all,338847,8.915823,1.129667,0.594091,0.835094,0.900651,0.957462
30,seasonal,release_ahead,4536,20.213286,2.000858,0.418651,0.650794,0.736552,0.820547
30,seasonal_events,all,338847,8.903548,1.105513,0.596668,0.837508,0.902788,0.959486
30,seasonal_events,release_ahead,4536,19.793464,1.295259,0.548721,0.770944,0.843254,0.925705
30,full,all,338847,8.694006,0.986646,0.578403,0.850221,0.922590,0.975523
30,full,release_ahead,4536,19.626536,1.264728,0.516755,0.787919,0.857143,0.924383
30,full,phase:overnight,210837,6.126046,0.964056,0.591134,0.858383,0.927849,0.977997
30,full,phase:pre_open,22590,14.359576,1.108213,0.538734,0.813059,0.896193,0.961532
30,full,phase:opening_hour,15060,20.911274,0.963213,0.529814,0.829084,0.920916,0.980345
30,full,phase:midday,52710,12.564310,0.996776,0.561924,0.839271,0.913451,0.971960
30,full,phase:afternoon,30120,10.428093,1.003007,0.563612,0.847078,0.919356,0.972576
30,full,phase:after_close,7530,5.136148,1.124204,0.612616,0.864675,0.934794,0.975299
60,flat,all,331317,13.764550,1.005585,0.693638,0.870378,0.916171,0.959746
60,flat,release_ahead,8369,25.309615,1.736578,0.409965,0.634843,0.721353,0.839766
60,flat,phase:overnight,210837,10.303991,0.683583,0.802250,0.945000,0.970831,0.990277
60,flat,phase:pre_open,22590,24.805689,1.647698,0.395175,0.624657,0.726073,0.848207
60,flat,phase:opening_hour,15060,29.820374,1.913176,0.308831,0.539575,0.648074,0.794754
60,flat,phase:midday,52710,17.907451,1.287028,0.532499,0.776684,0.853292,0.931360
60,flat,phase:afternoon,30120,14.429279,1.042636,0.631607,0.861687,0.920219,0.961853
60,seasonal,all,331317,12.862565,1.109870,0.591068,0.831759,0.898611,0.956489
60,seasonal,release_ahead,8369,24.717432,1.664185,0.439957,0.685148,0.778110,0.862588
60,seasonal_events,all,331317,12.843768,1.086572,0.593993,0.835113,0.901566,0.958846
60,seasonal_events,release_ahead,8369,24.326009,1.199332,0.538416,0.796391,0.872625,0.935118
60,full,all,331317,12.565414,0.973548,0.581507,0.851408,0.921673,0.974924
60,full,release_ahead,8369,24.055521,1.140639,0.521687,0.800215,0.879914,0.950173
60,full,phase:overnight,210837,8.895104,0.962931,0.595498,0.859365,0.926521,0.976389
60,full,phase:pre_open,22590,23.612132,1.043773,0.524303,0.814962,0.903630,0.971669
60,full,phase:opening_hour,15060,27.964829,0.988991,0.534130,0.824236,0.910757,0.976228
60,full,phase:midday,52710,17.445091,0.989246,0.571751,0.842459,0.914400,0.969285
60,full,phase:afternoon,30120,13.733041,0.957278,0.567231,0.852291,0.919456,0.976328
120,flat,all,316257,20.007412,1.022840,0.678249,0.858251,0.907117,0.957155
120,flat,release_ahead,15179,34.563933,1.663488,0.410831,0.645497,0.732196,0.847355
120,flat,phase:overnight,210837,15.264498,0.719038,0.783392,0.932332,0.962070,0.986373
120,flat,phase:pre_open,22590,40.708864,1.805956,0.288712,0.520540,0.639442,0.815095
120,flat,phase:opening_hour,15060,38.132018,1.813511,0.342231,0.592961,0.701527,0.835857
120,flat,phase:midday,52710,24.835755,1.258501,0.542611,0.783248,0.856327,0.935382
120,flat,phase:afternoon,15060,20.331276,1.003737,0.601328,0.855511,0.922643,0.958699
120,seasonal,all,316257,18.772182,1.109996,0.579864,0.826796,0.894595,0.955530
120,seasonal,release_ahead,15179,33.786029,1.482591,0.464392,0.711641,0.792147,0.891758
120,seasonal_events,all,316257,18.744141,1.089120,0.583168,0.830862,0.898864,0.958414
120,seasonal_events,release_ahead,15179,33.358530,1.150488,0.529020,0.787272,0.868239,0.943343
120,full,all,316257,18.412224,0.980971,0.577015,0.845825,0.919151,0.973990
120,full,release_ahead,15179,32.821360,1.069526,0.510706,0.803017,0.887806,0.964622
120,full,phase:overnight,210837,13.448081,0.980855,0.592738,0.852716,0.921446,0.973344
120,full,phase:pre_open,22590,38.550494,0.968485,0.499867,0.826649,0.919610,0.980965
120,full,phase:opening_hour,15060,36.498131,1.053293,0.525299,0.812151,0.906308,0.974104
120,full,phase:midday,52710,24.202065,0.984320,0.569304,0.832593,0.907494,0.970784
120,full,phase:afternoon,15060,19.351472,0.912062,0.551328,0.858101,0.939973,0.983665
240,flat,all,286137,29.015215,1.026757,0.647686,0.843005,0.899821,0.956619
240,flat,release_ahead,26573,43.277804,1.433545,0.400482,0.674707,0.769202,0.885372
240,flat,phase:overnight,210837,24.658503,0.841520,0.716739,0.890309,0.933669,0.976276
240,flat,phase:pre_open,22590,51.991956,1.694984,0.324657,0.587118,0.709473,0.845772
240,flat,phase:opening_hour,15060,44.508749,1.531139,0.417596,0.687849,0.783400,0.888313
240,flat,phase:midday,37650,33.428996,1.176820,0.546853,0.793705,0.871049,0.940372
240,seasonal,all,286137,27.389275,1.095397,0.564831,0.819433,0.892433,0.955651
240,seasonal,release_ahead,26573,42.277268,1.195622,0.480036,0.746698,0.835021,0.941482
240,seasonal_events,all,286137,27.379214,1.080481,0.569091,0.823864,0.897350,0.958342
240,seasonal_events,release_ahead,26573,42.170010,1.040877,0.525082,0.793625,0.887555,0.970120
240,full,all,286137,27.037934,0.989985,0.564097,0.839462,0.915803,0.971255
240,full,release_ahead,26573,41.602770,0.978180,0.506943,0.818425,0.911451,0.980243
240,full,phase:overnight,210837,22.374625,0.990457,0.570777,0.841380,0.917481,0.972021
240,full,phase:pre_open,22590,50.322798,1.021538,0.513015,0.815538,0.902390,0.968570
240,full,phase:opening_hour,15060,43.391839,0.995759,0.541368,0.838181,0.910956,0.968725
240,full,phase:midday,37650,32.639612,0.965483,0.566428,0.843586,0.916388,0.969588
